기관,발행일,제목,원문,링크,수집일
McKinsey,2026-01-29,AI 확장을 위한 신뢰 구축: Stack Overflow CEO와의 인터뷰,Building trust to scale AI: Interview with the CEO of Stack Overflow,https://www.mckinsey.com/capabilities/mckinsey-technology/our-insights/building-trust-to-scale-ai-interview-with-the-ceo-of-stack-overflow,2026-01-30
MIT_Sloan,2026-01-29,﻿제너레이티브 AI를 가격 책정에 사용하는 방법,﻿How to Use Generative AI for Pricing,https://sloanreview.mit.edu/article/how-to-use-generative-ai-for-pricing/,2026-01-30
McKinsey,2026-01-28,에이전트 상거래의 자동화 곡선,The automation curve in agentic commerce,https://www.mckinsey.com/capabilities/quantumblack/our-insights/the-automation-curve-in-agentic-commerce,2026-01-30
MIT_Sloan,2026-01-28,고객이 귀하의 브랜드를 찾을 수 있습니까?AI 기반 검색을 위한 마케팅 전략,Can Customers Find Your Brand? Marketing Strategies for AI-Driven Search,https://sloanreview.mit.edu/article/can-customers-find-your-brand-marketing-strategies-for-ai-driven-search/,2026-01-30
BCG,2026-01-28,잠재력 발굴: GCC 조직이 AI 모멘텀을 규모에 맞는 가치로 전환할 수 있는 방법,Unlocking Potential: How GCC Organizations Can Convert AI Momentum into Value at Scale,https://news.google.com/rss/articles/CBMiwAFBVV95cUxNbDVYWUhobUhaRzhpdFgxallyQTc3dEJIcjl3RUNNMWlCSDFXM3RhNXhuUUVEX0hPZ2gzcFVrWFl3RVZzM3hhSmZPRVVLRFhDeTFIM0RnZnhNcGVnT1RmQTY1M0RGdTl4bS1hZlhwVkhKMnFtVWZRQjhCb2k4Qjh3Tlo4aXF6dF81c2FfbG44cDU3MnFNaFB2N1Y1M0ZLYkdFYTNaSkhOMFRSWHJBM0NPUnFla1NmZ1RzUFVSV1lkVWE?oc=5,2026-01-30
McKinsey,2026-01-23,"AI가 영화, TV 제작과 업계의 미래에 미치는 영향",What AI could mean for film and TV production and the industry’s future,https://www.mckinsey.com/industries/technology-media-and-telecommunications/our-insights/what-ai-could-mean-for-film-and-tv-production-and-the-industrys-future,2026-01-30
BCG,2026-01-23,AI 우선 사모펀드 회사 내부 |BCG,Inside the AI-First Private Equity Firm | BCG,https://news.google.com/rss/articles/CBMigwFBVV95cUxNa01yQUI0ZzZadG5XREg3SzFzM3RpR3ZTYzVNaG1xUVNiQkh4U1BRUjRyWk9QV2NscUJhVlQ4S1l0YkZFVlJfYUVNWjVYT3ZZYjBaNzM1VDBob1FIbExXc21RcnAzU2xaNHYyZ211Q19oZXFJdVdHcnlvUlpjRThVTmpnaw?oc=5,2026-01-30
McKinsey,2026-01-22,최고의 CEO가 AI 순간을 만나는 방법,How the best CEOs are meeting the AI moment,https://www.mckinsey.com/capabilities/tech-and-ai/our-insights/how-the-best-ceos-are-meeting-the-ai-moment,2026-01-30
MIT_Sloan,2026-01-22,2026년 AI 동향: 리더를 위한 주요 통찰력,AI Trends in 2026: Key Insights for Leaders,https://sloanreview.mit.edu/video/ai-trends-in-2026-key-insights-for-leaders/,2026-01-30
BCG,2026-01-22,AI 우선 생명 보험 회사,The AI-First Life Insurance Company,https://news.google.com/rss/articles/CBMifkFVX3lxTFBVMGhQVnpweWsxVDBnZjBtUzJ1cUhDemNJclpPeF9EMWVrN2QyZnItRXp2anNFTnR6WUVqdjNZcWZjTmhlVF9HNDZFN1lTM2d5aEhwOGp5Mkt2WWpsb01QQU1NaHY1dndETTFYak8xaUh2RU9UME9HVXFfT0ZLdw?oc=5,2026-01-30
MIT_Sloan,2026-01-21,더 나은 KPI 설계에 대해 AI가 우리에게 가르쳐 줄 수 있는 것,﻿What AI Can Teach Us About Designing Better KPIs,https://sloanreview.mit.edu/article/what-ai-can-teach-us-about-designing-better-kpis/,2026-01-30
BCG,2026-01-21,인터페이스를 위한 전투: 소비자 AI 중단 지수 소개,Battle for the Interface: Introducing the Consumer AI Disruption Index,https://news.google.com/rss/articles/CBMiigFBVV95cUxOQ0thdk5WdGxYenhqT09kZWFfOGFxeEptRTlZUzhJd2ZMSGNHdVpTbVROWW80VW1xNVdtT2RsbTZKS3RKbmRpWHhNMk1RTV9TYzI0X1VwNnp4MUFxZ0lIWmNCd2hIM2pKamM3NkpBVERvRnlJNS0xZDN2T1Y0Sm02ZXB5NnFVcXlXeVE?oc=5,2026-01-30
BCG,2026-01-21,최고 마케팅 리더 중 3분의 2는 AI가 소비자 행동에 높은 수준의 변화를 가져올 것으로 예상합니다.,Two-Thirds of Top Marketing Leaders Expect a High Level of AI-Driven Disruption to Consumer Behavior,https://news.google.com/rss/articles/CBMipgFBVV95cUxOdHJSUTJXdTEzMUJLVnpXLUZVeEZjU2VneHRibHA0Z3l5dzRKa1Zxa0hvYzY1c21fQXZtWHhIa1RsUlhFRW1aOGtCU3NVajFUWndpX1RkRkxKeGhOeU85ejhEREo1WWJBWC1Ic3paQmRDbmtuNk9KT2IxaVZjUHlnTk1PWkxfcUFENjFGRnJYVG9fQ256Uks2VnJvZm5XMlFPMy04VU1R?oc=5,2026-01-30
McKinsey,2026-01-20,잠재력에서 생산성으로: 지능형 시대의 라틴 아메리카,From potential to productivity: Latin America in the Intelligent Age,https://www.mckinsey.com/featured-insights/americas/from-potential-to-productivity-latin-america-in-the-intelligent-age,2026-01-30
McKinsey,2026-01-20,"소통, 균형, 즐거움: 조석이 HD현대일렉트릭을 ​​이끌었던 방법","Communication, balance, joy: How Seok Cho steered HD Hyundai Electric",https://www.mckinsey.com/featured-insights/future-of-asia/communication-balance-joy-how-seok-cho-steered-hd-hyundai-electric,2026-01-30
MIT_Sloan,2026-01-20,언어와 (인공) 지능의 연결: 프린스턴 대학의 톰 그리피스,Connecting Language and (Artificial) Intelligence: Princeton’s Tom Griffiths,https://sloanreview.mit.edu/audio/connecting-language-and-artificial-intelligence-princetons-tom-griffiths/,2026-01-30
BCG,2026-01-20,AI 확장에는 새로운 도구뿐만 아니라 새로운 프로세스가 필요합니다 |BCG,"Scaling AI Requires New Processes, Not Just New Tools | BCG",https://news.google.com/rss/articles/CBMilAFBVV95cUxObk4wc3hveElRUEUxV2lENG1CdGZfS21vT2xtWXpxR0lQd3F3VXBLVXJ3N0FDeC1DbW5OcG1pVFk4eWhfZjRwRFFaTG82eG5UallaNG5tNDNKNHRBajREeVpaeWo0T243bUszRy1oUnVJZmRfV3JVNmFYSkNvVFZWT201cWRKbWFyVWd1bTNuMk5GRmtB?oc=5,2026-01-30
BCG,2026-01-20,AI 파괴를 통신업체의 성장 엔진으로 전환,Turning AI Disruption into Telcos’ Growth Engine,https://news.google.com/rss/articles/CBMijgFBVV95cUxOQUh0ZzBFbzlRb0lyVmhFd3JPSVUzbXpucmNQaHN4bzVUYktYTkx0dHp0S095RU1neFk5b2NsT3lFeVZMSHdFRXJSMm9jWnprd3ZVcXBoSm11cDQxSEJPZVItMVdzWnFHT1lzUmNCYVJkNWJtNGVXZ3NhRHFmYzFiSlJqdzZtNUxQQmlUNWdn?oc=5,2026-01-30
MIT_Sloan,2026-01-19,고객 불만을 혁신 청사진으로 전환,Turn Customer Complaints Into Innovation Blueprints,https://sloanreview.mit.edu/article/turn-customer-complaints-into-innovation-blueprints/,2026-01-30
BCG,2026-01-19,AI가 10년 만에 처음으로 광고를 재구성하는 방법,How AI Is Reshaping Advertising for the First Time in a Decade,https://news.google.com/rss/articles/CBMigAFBVV95cUxORlFaMWVLbTVfSTJJU1ctSTBfNjdNX3NLc3ZKUmg5WnByTzJrWEZUR3JjbmZnVUc3WUxkVEZ3bGRwZW5IMkNCdnVxMzZPbjd3WThiMzBBYTN1aFNtYWxhUUdZRUlSdThFdkJ4blVuZ1lCOFNJWmU0MDAzbi1XLVVzNg?oc=5,2026-01-30
McKinsey,2026-01-16,두뇌 경제가 설명하는 것: 왜 강한 두뇌가 강한 경제를 움직이는가,The brain economy explained: Why strong brains power strong economies,https://www.mckinsey.com/featured-insights/mckinsey-explainers/the-brain-economy-explained-why-strong-brains-power-strong-economies,2026-01-30
McKinsey,2026-01-15,인간의 장점: AI 시대에 더 강한 두뇌,The human advantage: Stronger brains in the age of AI,https://www.mckinsey.com/mhi/our-insights/the-human-advantage-stronger-brains-in-the-age-of-ai,2026-01-30
McKinsey,2026-01-15,눈에 띄지 않게 숨어 있는 반도체 산업의 과소평가된 규모,Hiding in plain sight: The underestimated size of the semiconductor industry,https://www.mckinsey.com/industries/semiconductors/our-insights/hiding-in-plain-sight-the-underestimated-size-of-the-semiconductor-industry,2026-01-30
McKinsey,2026-01-15,미국의 생산성 향상: 일선 직원의 AI 기술에 투자,A US productivity unlock: Investing in frontline workers’ AI skills,https://www.mckinsey.com/capabilities/operations/our-insights/a-us-productivity-unlock-investing-in-frontline-workers-ai-skills,2026-01-30
BCG,2026-01-15,"AI 투자 급증, CEO 주도 |BCG","As AI Investments Surge, CEOs Take the Lead | BCG",https://news.google.com/rss/articles/CBMihwFBVV95cUxPZnNwSVdNZV9ROVlFVzNMREN6OFAxMUpqTHRVYzV0c2RTX242b2NpVFNuMmpMSnNCamhvRHMwa29JWGFnT19PWGswUmhMeDY5TjMzQTZTeVZ4bU5FY2xxazl0a0RXbE9DYXJiRmZZMnh4VEZ5VHNMaHlqY2gxcGZ1VXh4Z1l5bUk?oc=5,2026-01-30
BCG,2026-01-15,AI 투자가 급증하면서 CEO들이 의사결정과 스스로 역량 강화에 앞장서고 있습니다.,"As AI Investments Surge, CEOs Take the Lead on Decision Making and Upskilling Themselves",https://news.google.com/rss/articles/CBMihAFBVV95cUxOVzBPS2dHbTRMWkxIaEdKQ2poR01HQldiRURGRWwxaktrT2lrWjVQbWNvMWJPZWhJamt1MkN0LUhmSXZ0SS1qRDBSQTRJR1FhQ0JLRmxMMHJ0UkFrZ1ZDWi14ZnhxZG90STJLMWVaQmNmQzRuRjA1NWJCNV9MTlZQeTZ0OUc?oc=5,2026-01-30
MIT_Sloan,2026-01-06,2026년 AI 및 데이터 과학의 5가지 트렌드,Five Trends in AI and Data Science for 2026,https://sloanreview.mit.edu/article/five-trends-in-ai-and-data-science-for-2026/,2026-01-30
MIT_Sloan,2025-12-23,공정한 인재관리를 향한 3단계,Three Steps Toward Fairer Talent Management,https://sloanreview.mit.edu/article/three-steps-toward-fairer-talent-management/,2026-01-30
