기관,발행일,제목,원문,링크
McKinsey,"Wed, 28 Jan 2026",에이전트 상거래의 자동화 곡선,The automation curve in agentic commerce,https://www.mckinsey.com/capabilities/quantumblack/our-insights/the-automation-curve-in-agentic-commerce
McKinsey,"Fri, 23 Jan 2026","AI가 영화와 TV 제작, 그리고 업계의 미래에 어떤 의미를 가질 수 있는지",What AI could mean for film and TV production and the industry’s future,https://www.mckinsey.com/industries/technology-media-and-telecommunications/our-insights/what-ai-could-mean-for-film-and-tv-production-and-the-industrys-future
McKinsey,"Thu, 22 Jan 2026",최고의 CEO가 AI 순간을 만나는 방법,How the best CEOs are meeting the AI moment,https://www.mckinsey.com/capabilities/tech-and-ai/our-insights/how-the-best-ceos-are-meeting-the-ai-moment
McKinsey,"Tue, 20 Jan 2026",잠재력에서 생산성으로: 지능형 시대의 라틴 아메리카,From potential to productivity: Latin America in the Intelligent Age,https://www.mckinsey.com/featured-insights/americas/from-potential-to-productivity-latin-america-in-the-intelligent-age
McKinsey,"Tue, 20 Jan 2026","소통, 균형, 즐거움: 조석이 HD현대일렉트릭을 ​​이끌었던 방법","Communication, balance, joy: How Seok Cho steered HD Hyundai Electric",https://www.mckinsey.com/featured-insights/future-of-asia/communication-balance-joy-how-seok-cho-steered-hd-hyundai-electric
McKinsey,"Fri, 16 Jan 2026",두뇌 경제가 설명하는 것: 왜 강한 두뇌가 강한 경제를 움직이는가,The brain economy explained: Why strong brains power strong economies,https://www.mckinsey.com/featured-insights/mckinsey-explainers/the-brain-economy-explained-why-strong-brains-power-strong-economies
McKinsey,"Thu, 15 Jan 2026",인간의 장점: AI 시대에 더 강한 두뇌,The human advantage: Stronger brains in the age of AI,https://www.mckinsey.com/mhi/our-insights/the-human-advantage-stronger-brains-in-the-age-of-ai
McKinsey,"Thu, 15 Jan 2026",눈에 띄지 않게 숨어 있는 반도체 산업의 과소평가된 규모,Hiding in plain sight: The underestimated size of the semiconductor industry,https://www.mckinsey.com/industries/semiconductors/our-insights/hiding-in-plain-sight-the-underestimated-size-of-the-semiconductor-industry
McKinsey,"Thu, 15 Jan 2026",미국의 생산성 향상: 일선 직원의 AI 기술에 투자,A US productivity unlock: Investing in frontline workers’ AI skills,https://www.mckinsey.com/capabilities/operations/our-insights/a-us-productivity-unlock-investing-in-frontline-workers-ai-skills
McKinsey,"Thu, 15 Jan 2026",Reckitt의 대담한 야망: AI를 활용하여 수익 성장 관리를 재정의,Reckitt’s bold ambition: Harnessing AI to redefine revenue growth management,https://www.mckinsey.com/industries/consumer-packaged-goods/how-we-help-clients/reckitts-bold-ambition-harnessing-ai-to-redefine-revenue-growth-management
